Year_Month,Revenue,Orders,Customers,AOV
2023-01,1311603.21,1145,1001,1145.5049868995634
2023-02,1409777.29,1078,970,1307.7711410018553
2023-03,1458005.58,1085,978,1343.783944700461
2023-04,1499648.03,1142,1022,1313.1769089316988
2023-05,1483511.61,1214,1087,1222.0029736408567
2023-06,1380984.94,1088,956,1269.2876286764706
2023-07,1560046.14,1195,1046,1305.477941422594
2023-08,1510999.75,1178,1043,1282.682300509338
2023-09,1502164.37,1134,1006,1324.6599382716051
2023-10,1536847.33,1185,1053,1296.9175780590717
2023-11,1446439.79,1151,1021,1256.680964378801
2023-12,1586213.77,1215,1073,1305.5257366255144
2024-01,1490824.78,1211,1056,1231.0691824938067
2024-02,1329884.01,1053,925,1262.9477777777777
2024-03,1272101.99,975,884,1304.7199897435896
